date,source,energy (btu)
1973-01-01,residential,1932.187
1973-02-01,residential,1687.255
1973-03-01,residential,1497.067
1973-04-01,residential,1177.661
1973-05-01,residential,1015.008
1973-06-01,residential,933.663
1973-07-01,residential,981.183
1973-08-01,residential,1018.978
1973-09-01,residential,956.55
1973-10-01,residential,991.668
1973-11-01,residential,1197.249
1973-12-01,residential,1507.395
1974-01-01,residential,1823.499
1974-02-01,residential,1562.936
1974-03-01,residential,1436.363
1974-04-01,residential,1215.416
1974-05-01,residential,1010.945
1974-06-01,residential,936.124
1974-07-01,residential,1013.51
1974-08-01,residential,987.592
1974-09-01,residential,919.805
1974-10-01,residential,999.326
1974-11-01,residential,1141.133
1974-12-01,residential,1607.437
1975-01-01,residential,1758.226
1975-02-01,residential,1615.051
1975-03-01,residential,1538.328
1975-04-01,residential,1366.55
1975-05-01,residential,1034.664
1975-06-01,residential,936.766
1975-07-01,residential,1003.672
1975-08-01,residential,1012.72
1975-09-01,residential,926.799
1975-10-01,residential,954.616
1975-11-01,residential,1065.259
1975-12-01,residential,1598.15
1976-01-01,residential,1986.659
1976-02-01,residential,1674.363
1976-03-01,residential,1434.389
1976-04-01,residential,1163.868
1976-05-01,residential,1009.166
1976-06-01,residential,964.724
1976-07-01,residential,1006.965
1976-08-01,residential,1002.932
1976-09-01,residential,923.155
1976-10-01,residential,1005.253
1976-11-01,residential,1372.664
1976-12-01,residential,1863.448
1977-01-01,residential,2239.681
1977-02-01,residential,1869.527
1977-03-01,residential,1441.002
1977-04-01,residential,1132.077
1977-05-01,residential,979.115
1977-06-01,residential,971.294
1977-07-01,residential,1084.85
1977-08-01,residential,1065.597
1977-09-01,residential,974.452
1977-10-01,residential,1018.153
1977-11-01,residential,1173.632
1977-12-01,residential,1708.154
1978-01-01,residential,2000.053
1978-02-01,residential,1924.551
1978-03-01,residential,1696.087
1978-04-01,residential,1206.671
1978-05-01,residential,1081.209
1978-06-01,residential,1006.572
1978-07-01,residential,1091.233
1978-08-01,residential,1118.362
1978-09-01,residential,1037.052
1978-10-01,residential,1050.203
1978-11-01,residential,1223.173
1978-12-01,residential,1692.701
1979-01-01,residential,2087.712
1979-02-01,residential,1987.811
1979-03-01,residential,1608.938
1979-04-01,residential,1240.043
1979-05-01,residential,1030.974
1979-06-01,residential,956.854
1979-07-01,residential,1038.818
1979-08-01,residential,1087.877
1979-09-01,residential,973.422
1979-10-01,residential,1016.045
1979-11-01,residential,1205.234
1979-12-01,residential,1576.952
1980-01-01,residential,1826.947
1980-02-01,residential,1779.042
1980-03-01,residential,1603.835
1980-04-01,residential,1209.233
1980-05-01,residential,1016.289
1980-06-01,residential,1003.445
1980-07-01,residential,1163.408
1980-08-01,residential,1168.734
1980-09-01,residential,1041.657
1980-10-01,residential,1043.756
1980-11-01,residential,1226.25
1980-12-01,residential,1670.298
1981-01-01,residential,2014.965
1981-02-01,residential,1683.398
1981-03-01,residential,1440.933
1981-04-01,residential,1108.806
1981-05-01,residential,996.568
1981-06-01,residential,1011.218
1981-07-01,residential,1125.714
1981-08-01,residential,1086.1
1981-09-01,residential,951.551
1981-10-01,residential,1049.961
1981-11-01,residential,1180.761
1981-12-01,residential,1605.626
1982-01-01,residential,2037.891
1982-02-01,residential,1742.925
1982-03-01,residential,1533.826
1982-04-01,residential,1294.481
1982-05-01,residential,1009.215
1982-06-01,residential,968.998
1982-07-01,residential,1104.857
1982-08-01,residential,1099.316
1982-09-01,residential,1022.053
1982-10-01,residential,1005.641
1982-11-01,residential,1168.342
1982-12-01,residential,1539.935
1983-01-01,residential,1922.144
1983-02-01,residential,1580.016
1983-03-01,residential,1490.168
1983-04-01,residential,1273.99
1983-05-01,residential,1034.261
1983-06-01,residential,978.628
1983-07-01,residential,1141.32
1983-08-01,residential,1213.98
1983-09-01,residential,1056.284
1983-10-01,residential,976.307
1983-11-01,residential,1130.908
1983-12-01,residential,1625.005
1984-01-01,residential,2129.572
1984-02-01,residential,1675.856
1984-03-01,residential,1589.806
1984-04-01,residential,1291.656
1984-05-01,residential,1108.134
1984-06-01,residential,1052.346
1984-07-01,residential,1132.58
1984-08-01,residential,1168.674
1984-09-01,residential,1028.098
1984-10-01,residential,1008.054
1984-11-01,residential,1187.911
1984-12-01,residential,1582.196
1985-01-01,residential,1953.435
1985-02-01,residential,1913.52
1985-03-01,residential,1516.21
1985-04-01,residential,1206.396
1985-05-01,residential,1014.664
1985-06-01,residential,1035.519
1985-07-01,residential,1149.519
1985-08-01,residential,1156.849
1985-09-01,residential,1064.453
1985-10-01,residential,1055.261
1985-11-01,residential,1180.795
1985-12-01,residential,1795.12
1986-01-01,residential,1981.74
1986-02-01,residential,1684.176
1986-03-01,residential,1539.834
1986-04-01,residential,1180.938
1986-05-01,residential,1057.117
1986-06-01,residential,1057.373
1986-07-01,residential,1249.832
1986-08-01,residential,1187.564
1986-09-01,residential,1049.093
1986-10-01,residential,1078.56
1986-11-01,residential,1229.547
1986-12-01,residential,1675.117
1987-01-01,residential,1931.481
1987-02-01,residential,1681.156
1987-03-01,residential,1554.99
1987-04-01,residential,1250.069
1987-05-01,residential,1079.592
1987-06-01,residential,1112.209
1987-07-01,residential,1268.777
1987-08-01,residential,1271.368
1987-09-01,residential,1079.85
1987-10-01,residential,1104.985
1987-11-01,residential,1243.133
1987-12-01,residential,1686.844
1988-01-01,residential,2133.93
1988-02-01,residential,1859.792
1988-03-01,residential,1630.123
1988-04-01,residential,1260.376
1988-05-01,residential,1108.817
1988-06-01,residential,1121.331
1988-07-01,residential,1312.656
1988-08-01,residential,1373.343
1988-09-01,residential,1116.235
1988-10-01,residential,1134.134
1988-11-01,residential,1317.127
1988-12-01,residential,1765.873
1989-01-01,residential,1973.644
1989-02-01,residential,1848.448
1989-03-01,residential,1771.925
1989-04-01,residential,1340.074
1989-05-01,residential,1174.911
1989-06-01,residential,1175.322
1989-07-01,residential,1320.879
1989-08-01,residential,1320.175
1989-09-01,residential,1181.204
1989-10-01,residential,1183.524
1989-11-01,residential,1382.059
1989-12-01,residential,2118.194
1990-01-01,residential,2018.086
1990-02-01,residential,1639.671
1990-03-01,residential,1558.741
1990-04-01,residential,1299.575
1990-05-01,residential,1143.17
1990-06-01,residential,1195.523
1990-07-01,residential,1335.105
1990-08-01,residential,1323.485
1990-09-01,residential,1214.831
1990-10-01,residential,1160.903
1990-11-01,residential,1291.366
1990-12-01,residential,1751.413
1991-01-01,residential,2137.647
1991-02-01,residential,1686.339
1991-03-01,residential,1599.772
1991-04-01,residential,1269.986
1991-05-01,residential,1183.085
1991-06-01,residential,1229.184
1991-07-01,residential,1389.099
1991-08-01,residential,1341.414
1991-09-01,residential,1184.323
1991-10-01,residential,1163.822
1991-11-01,residential,1436.683
1991-12-01,residential,1797.721
1992-01-01,residential,2043.664
1992-02-01,residential,1768.798
1992-03-01,residential,1598.684
1992-04-01,residential,1356.808
1992-05-01,residential,1144.439
1992-06-01,residential,1136.537
1992-07-01,residential,1326.188
1992-08-01,residential,1270.478
1992-09-01,residential,1175.695
1992-10-01,residential,1177.479
1992-11-01,residential,1411.944
1992-12-01,residential,1945.773
1993-01-01,residential,2097.492
1993-02-01,residential,1869.897
1993-03-01,residential,1840.296
1993-04-01,residential,1381.568
1993-05-01,residential,1122.324
1993-06-01,residential,1210.467
1993-07-01,residential,1467.885
1993-08-01,residential,1455.698
1993-09-01,residential,1230.303
1993-10-01,residential,1188.637
1993-11-01,residential,1448.114
1993-12-01,residential,1900.925
1994-01-01,residential,2341.904
1994-02-01,residential,1982.767
1994-03-01,residential,1708.91
1994-04-01,residential,1308.67
1994-05-01,residential,1168.493
1994-06-01,residential,1280.656
1994-07-01,residential,1441.037
1994-08-01,residential,1371.345
1994-09-01,residential,1178.574
1994-10-01,residential,1169.459
1994-11-01,residential,1353.297
1994-12-01,residential,1802.854
1995-01-01,residential,2087.71
1995-02-01,residential,1867.027
1995-03-01,residential,1659.635
1995-04-01,residential,1337.888
1995-05-01,residential,1216.793
1995-06-01,residential,1256.587
1995-07-01,residential,1494.524
1995-08-01,residential,1593.848
1995-09-01,residential,1264.351
1995-10-01,residential,1193.992
1995-11-01,residential,1525.024
1995-12-01,residential,2025.096
1996-01-01,residential,2360.113
1996-02-01,residential,2074.385
1996-03-01,residential,1867.533
1996-04-01,residential,1457.257
1996-05-01,residential,1307.598
1996-06-01,residential,1352.374
1996-07-01,residential,1498.558
1996-08-01,residential,1472.285
1996-09-01,residential,1265.879
1996-10-01,residential,1251.343
1996-11-01,residential,1585.844
1996-12-01,residential,2003.324
1997-01-01,residential,2297.663
1997-02-01,residential,1880.265
1997-03-01,residential,1693.385
1997-04-01,residential,1388.353
1997-05-01,residential,1243.872
1997-06-01,residential,1268.436
1997-07-01,residential,1556.227
1997-08-01,residential,1485.087
1997-09-01,residential,1299.844
1997-10-01,residential,1297.096
1997-11-01,residential,1543.166
1997-12-01,residential,2008.955
1998-01-01,residential,2130.876
1998-02-01,residential,1770.686
1998-03-01,residential,1793.397
1998-04-01,residential,1362.054
1998-05-01,residential,1286.09
1998-06-01,residential,1439.549
1998-07-01,residential,1679.462
1998-08-01,residential,1616.22
1998-09-01,residential,1393.639
1998-10-01,residential,1282.377
1998-11-01,residential,1372.225
1998-12-01,residential,1833.041
1999-01-01,residential,2368.786
1999-02-01,residential,1829.531
1999-03-01,residential,1879.336
1999-04-01,residential,1450.178
1999-05-01,residential,1288.428
1999-06-01,residential,1411.658
1999-07-01,residential,1711.605
1999-08-01,residential,1675.504
1999-09-01,residential,1364.217
1999-10-01,residential,1281.494
1999-11-01,residential,1386.027
1999-12-01,residential,1912.211
2000-01-01,residential,2347.879
2000-02-01,residential,2050.595
2000-03-01,residential,1707.398
2000-04-01,residential,1429.03
2000-05-01,residential,1381.628
2000-06-01,residential,1481.236
2000-07-01,residential,1627.582
2000-08-01,residential,1679.841
2000-09-01,residential,1412.7
2000-10-01,residential,1326.809
2000-11-01,residential,1580.542
2000-12-01,residential,2389.091
2001-01-01,residential,2566.678
2001-02-01,residential,2014.719
2001-03-01,residential,1915.611
2001-04-01,residential,1466.15
2001-05-01,residential,1282.632
2001-06-01,residential,1413.452
2001-07-01,residential,1643.544
2001-08-01,residential,1711.555
2001-09-01,residential,1369.803
2001-10-01,residential,1330.913
2001-11-01,residential,1416.505
2001-12-01,residential,1899.668
2002-01-01,residential,2293.562
2002-02-01,residential,1915.636
2002-03-01,residential,1904.414
2002-04-01,residential,1507.436
2002-05-01,residential,1386.234
2002-06-01,residential,1517.187
2002-07-01,residential,1768.537
2002-08-01,residential,1733.821
2002-09-01,residential,1486.413
2002-10-01,residential,1422.738
2002-11-01,residential,1642.827
2002-12-01,residential,2205.682
2003-01-01,residential,2568.58
2003-02-01,residential,2253.935
2003-03-01,residential,1956.303
2003-04-01,residential,1489.746
2003-05-01,residential,1385.594
2003-06-01,residential,1428.221
2003-07-01,residential,1711.138
2003-08-01,residential,1737.115
2003-09-01,residential,1463.506
2003-10-01,residential,1366.602
2003-11-01,residential,1543.616
2003-12-01,residential,2209.085
2004-01-01,residential,2596.092
2004-02-01,residential,2266.846
2004-03-01,residential,1840.014
2004-04-01,residential,1457.74
2004-05-01,residential,1395.149
2004-06-01,residential,1517.292
2004-07-01,residential,1697.953
2004-08-01,residential,1649.098
2004-09-01,residential,1464.607
2004-10-01,residential,1391.775
2004-11-01,residential,1565.647
2004-12-01,residential,2237.627
2005-01-01,residential,2494.866
2005-02-01,residential,2075.178
2005-03-01,residential,1997.098
2005-04-01,residential,1462.781
2005-05-01,residential,1385.324
2005-06-01,residential,1593.954
2005-07-01,residential,1869.966
2005-08-01,residential,1867.102
2005-09-01,residential,1567.292
2005-10-01,residential,1429.713
2005-11-01,residential,1550.589
2005-12-01,residential,2320.494
2006-01-01,residential,2172.18
2006-02-01,residential,2001.033
2006-03-01,residential,1924.314
2006-04-01,residential,1459.097
2006-05-01,residential,1385.742
2006-06-01,residential,1565.753
2006-07-01,residential,1858.418
2006-08-01,residential,1842.57
2006-09-01,residential,1427.789
2006-10-01,residential,1398.74
2006-11-01,residential,1583.766
2006-12-01,residential,2049.807
2007-01-01,residential,2369.767
2007-02-01,residential,2359.35
2007-03-01,residential,1924.626
2007-04-01,residential,1510.795
2007-05-01,residential,1392.517
2007-06-01,residential,1538.861
2007-07-01,residential,1749.418
2007-08-01,residential,1885.484
2007-09-01,residential,1564.356
2007-10-01,residential,1400.858
2007-11-01,residential,1594.15
2007-12-01,residential,2231.842
2008-01-01,residential,2544.298
2008-02-01,residential,2262.703
2008-03-01,residential,1991.719
2008-04-01,residential,1523.56
2008-05-01,residential,1385.156
2008-06-01,residential,1622.87
2008-07-01,residential,1812.691
2008-08-01,residential,1731.061
2008-09-01,residential,1439.599
2008-10-01,residential,1375.96
2008-11-01,residential,1629.656
2008-12-01,residential,2349.998
2009-01-01,residential,2608.312
2009-02-01,residential,2099.054
2009-03-01,residential,1895.839
2009-04-01,residential,1504.001
2009-05-01,residential,1367.352
2009-06-01,residential,1521.46
2009-07-01,residential,1705.408
2009-08-01,residential,1711.819
2009-09-01,residential,1417.51
2009-10-01,residential,1411.702
2009-11-01,residential,1521.299
2009-12-01,residential,2315.363
2010-01-01,residential,2680.719
2010-02-01,residential,2241.482
2010-03-01,residential,1880.266
2010-04-01,residential,1342.932
2010-05-01,residential,1381.735
2010-06-01,residential,1655.405
2010-07-01,residential,1885.344
2010-08-01,residential,1851.846
2010-09-01,residential,1490.89
2010-10-01,residential,1325.645
2010-11-01,residential,1590.587
2010-12-01,residential,2467.147
2011-01-01,residential,2660.074
2011-02-01,residential,2148.233
2011-03-01,residential,1847.86
2011-04-01,residential,1446.257
2011-05-01,residential,1371.15
2011-06-01,residential,1599.765
2011-07-01,residential,1904.872
2011-08-01,residential,1842.69
2011-09-01,residential,1466.938
2011-10-01,residential,1337.794
2011-11-01,residential,1570.499
2011-12-01,residential,2110.009
2012-01-01,residential,2260.456
2012-02-01,residential,1901.419
2012-03-01,residential,1549.054
2012-04-01,residential,1287.366
2012-05-01,residential,1350.933
2012-06-01,residential,1523.022
2012-07-01,residential,1853.234
2012-08-01,residential,1740.333
2012-09-01,residential,1409.794
2012-10-01,residential,1333.431
2012-11-01,residential,1619.284
2012-12-01,residential,2029.522
2013-01-01,residential,2430.958
2013-02-01,residential,2066.928
2013-03-01,residential,1997.101
2013-04-01,residential,1487.638
2013-05-01,residential,1323.463
2013-06-01,residential,1486.316
2013-07-01,residential,1730.944
2013-08-01,residential,1656.142
2013-09-01,residential,1453.75
2013-10-01,residential,1350.357
2013-11-01,residential,1696.068
2013-12-01,residential,2381.555
2014-01-01,residential,2777.624
2014-02-01,residential,2323.887
2014-03-01,residential,2066.405
2014-04-01,residential,1424.831
2014-05-01,residential,1350.304
2014-06-01,residential,1498.191
2014-07-01,residential,1668.094
2014-08-01,residential,1641.747
2014-09-01,residential,1450.327
2014-10-01,residential,1344.353
2014-11-01,residential,1762.551
2014-12-01,residential,2148.301
2015-01-01,residential,2541.943
2015-02-01,residential,2337.031
2015-03-01,residential,1948.676
2015-04-01,residential,1337.362
2015-05-01,residential,1296.741
2015-06-01,residential,1480.064
2015-07-01,residential,1729.073
2015-08-01,residential,1681.104
2015-09-01,residential,1446.094
2015-10-01,residential,1328.974
2015-11-01,residential,1512.809
2015-12-01,residential,1903.942
2016-01-01,residential,2383.562
2016-02-01,residential,1976.875
2016-03-01,residential,1573.825
2016-04-01,residential,1332.979
2016-05-01,residential,1281.05
2016-06-01,residential,1520.454
2016-07-01,residential,1808.525
2016-08-01,residential,1762.425
2016-09-01,residential,1469.336
2016-10-01,residential,1310.497
2016-11-01,residential,1438.021
2016-12-01,residential,2231.317
2017-01-01,residential,2308.207
2017-02-01,residential,1701.611
2017-03-01,residential,1765.36
2017-04-01,residential,1303.004
2017-05-01,residential,1316.432
2017-06-01,residential,1474.758
2017-07-01,residential,1736.529
2017-08-01,residential,1606.431
2017-09-01,residential,1371.172
2017-10-01,residential,1341.523
2017-11-01,residential,1609.941
2017-12-01,residential,2273.187
2018-01-01,residential,2704.224
2018-02-01,residential,1965.522
2018-03-01,residential,1896.193
2018-04-01,residential,1541.862
2018-05-01,residential,1378.393
2018-06-01,residential,1562.519
2018-07-01,residential,1784.481
2018-08-01,residential,1730.325
1973-01-01,commercial,1079.31
1973-02-01,commercial,1001.92
1973-03-01,commercial,884.437
1973-04-01,commercial,735.461
1973-05-01,commercial,696.114
1973-06-01,commercial,687.473
1973-07-01,commercial,693.949
1973-08-01,commercial,706.301
1973-09-01,commercial,651.041
1973-10-01,commercial,693.462
1973-11-01,commercial,800.97
1973-12-01,commercial,914.274
1974-01-01,commercial,1039.088
1974-02-01,commercial,907.821
1974-03-01,commercial,863.512
1974-04-01,commercial,754.176
1974-05-01,commercial,688.286
1974-06-01,commercial,655.169
1974-07-01,commercial,703.241
1974-08-01,commercial,688.995
1974-09-01,commercial,645.205
1974-10-01,commercial,706.494
1974-11-01,commercial,773.723
1974-12-01,commercial,969.399
1975-01-01,commercial,990.791
1975-02-01,commercial,920.136
1975-03-01,commercial,892.445
1975-04-01,commercial,823.414
1975-05-01,commercial,698.717
1975-06-01,commercial,686.931
1975-07-01,commercial,715.817
1975-08-01,commercial,717.022
1975-09-01,commercial,657.008
1975-10-01,commercial,692.031
1975-11-01,commercial,737.377
1975-12-01,commercial,962.577
1976-01-01,commercial,1118.587
1976-02-01,commercial,971.029
1976-03-01,commercial,890.242
1976-04-01,commercial,753.23
1976-05-01,commercial,715.556
1976-06-01,commercial,724.307
1976-07-01,commercial,745.448
1976-08-01,commercial,736.425
1976-09-01,commercial,685.272
1976-10-01,commercial,733.104
1976-11-01,commercial,897.928
1976-12-01,commercial,1093.165
1977-01-01,commercial,1223.633
1977-02-01,commercial,1018.84
1977-03-01,commercial,878.851
1977-04-01,commercial,752.308
1977-05-01,commercial,734.629
1977-06-01,commercial,741.922
1977-07-01,commercial,785.466
1977-08-01,commercial,771.813
1977-09-01,commercial,721.805
1977-10-01,commercial,736.815
1977-11-01,commercial,809.447
1977-12-01,commercial,1033.847
1978-01-01,commercial,1130.769
1978-02-01,commercial,1081.65
1978-03-01,commercial,1007.467
1978-04-01,commercial,775.855
1978-05-01,commercial,765.406
1978-06-01,commercial,763.584
1978-07-01,commercial,793.815
1978-08-01,commercial,806.325
1978-09-01,commercial,748.418
1978-10-01,commercial,763.629
1978-11-01,commercial,839.772
1978-12-01,commercial,1035.578
1979-01-01,commercial,1217.848
1979-02-01,commercial,1148.996
1979-03-01,commercial,995.691
1979-04-01,commercial,829.144
1979-05-01,commercial,765.782
1979-06-01,commercial,750.387
1979-07-01,commercial,780.939
1979-08-01,commercial,788.034
1979-09-01,commercial,727.181
1979-10-01,commercial,779.738
1979-11-01,commercial,855.849
1979-12-01,commercial,1009.706
1980-01-01,commercial,1102.43
1980-02-01,commercial,1061.492
1980-03-01,commercial,986.711
1980-04-01,commercial,799.022
1980-05-01,commercial,750.53
1980-06-01,commercial,765.708
1980-07-01,commercial,821.063
1980-08-01,commercial,804.422
1980-09-01,commercial,756.043
1980-10-01,commercial,784.572
1980-11-01,commercial,878.078
1980-12-01,commercial,1071.372
1981-01-01,commercial,1189.09
1981-02-01,commercial,1001.534
1981-03-01,commercial,929.019
1981-04-01,commercial,778.621
1981-05-01,commercial,767.594
1981-06-01,commercial,804.96
1981-07-01,commercial,833.334
1981-08-01,commercial,818.557
1981-09-01,commercial,761.759
1981-10-01,commercial,817.339
1981-11-01,commercial,861.946
1981-12-01,commercial,1054.628
1982-01-01,commercial,1213.657
1982-02-01,commercial,1058.109
1982-03-01,commercial,1001.867
1982-04-01,commercial,879.979
1982-05-01,commercial,783.439
1982-06-01,commercial,775.948
1982-07-01,commercial,842.77
1982-08-01,commercial,830.961
1982-09-01,commercial,803.278
1982-10-01,commercial,793.597
1982-11-01,commercial,860.49
1982-12-01,commercial,1018.715
1983-01-01,commercial,1170.237
1983-02-01,commercial,992.963
1983-03-01,commercial,989.125
1983-04-01,commercial,874.034
1983-05-01,commercial,784.674
1983-06-01,commercial,798.325
1983-07-01,commercial,876.245
1983-08-01,commercial,893.428
1983-09-01,commercial,802.188
1983-10-01,commercial,800.678
1983-11-01,commercial,867.582
1983-12-01,commercial,1089.032
1984-01-01,commercial,1261.425
1984-02-01,commercial,1054.985
1984-03-01,commercial,1056.81
1984-04-01,commercial,903.717
1984-05-01,commercial,855.432
1984-06-01,commercial,856.591
1984-07-01,commercial,894.979
1984-08-01,commercial,912.823
1984-09-01,commercial,833.174
1984-10-01,commercial,847.023
1984-11-01,commercial,915.949
1984-12-01,commercial,1052.454
1985-01-01,commercial,1187.349
1985-02-01,commercial,1127.949
1985-03-01,commercial,994.251
1985-04-01,commercial,868.993
1985-05-01,commercial,836.259
1985-06-01,commercial,839.208
1985-07-01,commercial,912.32
1985-08-01,commercial,907.194
1985-09-01,commercial,839.351
1985-10-01,commercial,859.413
1985-11-01,commercial,912.821
1985-12-01,commercial,1168.883
1986-01-01,commercial,1208.938
1986-02-01,commercial,1084.682
1986-03-01,commercial,1017.71
1986-04-01,commercial,871.68
1986-05-01,commercial,861.909
1986-06-01,commercial,901.532
1986-07-01,commercial,968.962
1986-08-01,commercial,912.615
1986-09-01,commercial,867.448
1986-10-01,commercial,868.027
1986-11-01,commercial,936.285
1986-12-01,commercial,1110.799
1987-01-01,commercial,1206.352
1987-02-01,commercial,1086.185
1987-03-01,commercial,1054.327
1987-04-01,commercial,913.464
1987-05-01,commercial,900.659
1987-06-01,commercial,924.903
1987-07-01,commercial,988.738
1987-08-01,commercial,962.391
1987-09-01,commercial,891.913
1987-10-01,commercial,922.516
1987-11-01,commercial,960.669
1987-12-01,commercial,1135.19
1988-01-01,commercial,1286.666
1988-02-01,commercial,1181.152
1988-03-01,commercial,1107.737
1988-04-01,commercial,951.389
1988-05-01,commercial,923.512
1988-06-01,commercial,973.082
1988-07-01,commercial,1044.33
1988-08-01,commercial,1064.653
1988-09-01,commercial,924.294
1988-10-01,commercial,949.334
1988-11-01,commercial,1000.426
1988-12-01,commercial,1172.96
1989-01-01,commercial,1235.342
1989-02-01,commercial,1193.119
1989-03-01,commercial,1188.077
1989-04-01,commercial,1012.14
1989-05-01,commercial,989.677
1989-06-01,commercial,1013.791
1989-07-01,commercial,1074.242
1989-08-01,commercial,1077.756
1989-09-01,commercial,979.483
1989-10-01,commercial,996.054
1989-11-01,commercial,1070.559
1989-12-01,commercial,1367.195
1990-01-01,commercial,1270.04
1990-02-01,commercial,1140.222
1990-03-01,commercial,1150.566
1990-04-01,commercial,1041.2
1990-05-01,commercial,1019.43
1990-06-01,commercial,1072.306
1990-07-01,commercial,1130.331
1990-08-01,commercial,1136.629
1990-09-01,commercial,1034.172
1990-10-01,commercial,1030.22
1990-11-01,commercial,1054.842
1990-12-01,commercial,1241.668
1991-01-01,commercial,1366.764
1991-02-01,commercial,1152.726
1991-03-01,commercial,1153.489
1991-04-01,commercial,1026.76
1991-05-01,commercial,1055.351
1991-06-01,commercial,1070.148
1991-07-01,commercial,1146.986
1991-08-01,commercial,1122.28
1991-09-01,commercial,1018.901
1991-10-01,commercial,1036.452
1991-11-01,commercial,1103.721
1991-12-01,commercial,1248.307
1992-01-01,commercial,1314.782
1992-02-01,commercial,1179.044
1992-03-01,commercial,1160.68
1992-04-01,commercial,1052.211
1992-05-01,commercial,1014.124
1992-06-01,commercial,1037.381
1992-07-01,commercial,1124.119
1992-08-01,commercial,1079.479
1992-09-01,commercial,1038.574
1992-10-01,commercial,1024.908
1992-11-01,commercial,1105.64
1992-12-01,commercial,1311.462
1993-01-01,commercial,1333.339
1993-02-01,commercial,1243.866
1993-03-01,commercial,1257.155
1993-04-01,commercial,1070.676
1993-05-01,commercial,1016.127
1993-06-01,commercial,1087.079
1993-07-01,commercial,1175.507
1993-08-01,commercial,1164.236
1993-09-01,commercial,1032.165
1993-10-01,commercial,1038.563
1993-11-01,commercial,1114.087
1993-12-01,commercial,1284.759
1994-01-01,commercial,1443.082
1994-02-01,commercial,1288.997
1994-03-01,commercial,1234.254
1994-04-01,commercial,1073.519
1994-05-01,commercial,1049.893
1994-06-01,commercial,1155.107
1994-07-01,commercial,1184.23
1994-08-01,commercial,1168.778
1994-09-01,commercial,1047.273
1994-10-01,commercial,1062.602
1994-11-01,commercial,1115.694
1994-12-01,commercial,1276.56
1995-01-01,commercial,1378.951
1995-02-01,commercial,1282.259
1995-03-01,commercial,1246.913
1995-04-01,commercial,1116.77
1995-05-01,commercial,1103.469
1995-06-01,commercial,1137.741
1995-07-01,commercial,1260.304
1995-08-01,commercial,1284.168
1995-09-01,commercial,1100.241
1995-10-01,commercial,1125.169
1995-11-01,commercial,1231.782
1995-12-01,commercial,1423.768
1996-01-01,commercial,1483.06
1996-02-01,commercial,1375.362
1996-03-01,commercial,1333.549
1996-04-01,commercial,1164.671
1996-05-01,commercial,1176.776
1996-06-01,commercial,1187.622
1996-07-01,commercial,1246.568
1996-08-01,commercial,1254.85
1996-09-01,commercial,1128.422
1996-10-01,commercial,1150.561
1996-11-01,commercial,1263.493
1996-12-01,commercial,1411.29
1997-01-01,commercial,1526.824
1997-02-01,commercial,1330.49
1997-03-01,commercial,1329.042
1997-04-01,commercial,1196.159
1997-05-01,commercial,1187.315
1997-06-01,commercial,1241.795
1997-07-01,commercial,1369.899
1997-08-01,commercial,1304.216
1997-09-01,commercial,1222.391
1997-10-01,commercial,1230.443
1997-11-01,commercial,1281.727
1997-12-01,commercial,1464.773
1998-01-01,commercial,1486.862
1998-02-01,commercial,1316.148
1998-03-01,commercial,1385.493
1998-04-01,commercial,1206.86
1998-05-01,commercial,1265.752
1998-06-01,commercial,1318.049
1998-07-01,commercial,1405.996
1998-08-01,commercial,1397.241
1998-09-01,commercial,1281.917
1998-10-01,commercial,1221.419
1998-11-01,commercial,1250.643
1998-12-01,commercial,1432.059
1999-01-01,commercial,1575.929
1999-02-01,commercial,1402.676
1999-03-01,commercial,1449.165
1999-04-01,commercial,1278.823
1999-05-01,commercial,1273.652
1999-06-01,commercial,1336.753
1999-07-01,commercial,1463.588
1999-08-01,commercial,1409.92
1999-09-01,commercial,1240.099
1999-10-01,commercial,1248.231
1999-11-01,commercial,1250.142
1999-12-01,commercial,1446.719
2000-01-01,commercial,1621.319
2000-02-01,commercial,1489.012
2000-03-01,commercial,1462.63
2000-04-01,commercial,1315.251
2000-05-01,commercial,1395.187
2000-06-01,commercial,1389.741
2000-07-01,commercial,1429.449
2000-08-01,commercial,1496.039
2000-09-01,commercial,1294.634
2000-10-01,commercial,1281.194
2000-11-01,commercial,1376.89
2000-12-01,commercial,1624.956
2001-01-01,commercial,1686.885
2001-02-01,commercial,1457.394
2001-03-01,commercial,1504.432
2001-04-01,commercial,1309.959
2001-05-01,commercial,1326.464
2001-06-01,commercial,1389.708
2001-07-01,commercial,1469.326
2001-08-01,commercial,1500.509
2001-09-01,commercial,1319.718
2001-10-01,commercial,1339.015
2001-11-01,commercial,1321.589
2001-12-01,commercial,1518.444
2002-01-01,commercial,1574.832
2002-02-01,commercial,1424.002
2002-03-01,commercial,1475.184
2002-04-01,commercial,1349.533
2002-05-01,commercial,1354.557
2002-06-01,commercial,1398.815
2002-07-01,commercial,1496.6
2002-08-01,commercial,1466.508
2002-09-01,commercial,1364.534
2002-10-01,commercial,1397.943
2002-11-01,commercial,1428.221
2002-12-01,commercial,1615.221
2003-01-01,commercial,1733.937
2003-02-01,commercial,1545.424
2003-03-01,commercial,1497.718
2003-04-01,commercial,1323.797
2003-05-01,commercial,1333.013
2003-06-01,commercial,1349.899
2003-07-01,commercial,1475.994
2003-08-01,commercial,1478.503
2003-09-01,commercial,1314.184
2003-10-01,commercial,1338.775
2003-11-01,commercial,1370.757
2003-12-01,commercial,1587.143
2004-01-01,commercial,1722.61
2004-02-01,commercial,1588.111
2004-03-01,commercial,1476.326
2004-04-01,commercial,1338.349
2004-05-01,commercial,1398.673
2004-06-01,commercial,1392.852
2004-07-01,commercial,1477.994
2004-08-01,commercial,1452.121
2004-09-01,commercial,1370.281
2004-10-01,commercial,1364.401
2004-11-01,commercial,1399.999
2004-12-01,commercial,1675.012
2005-01-01,commercial,1689.914
2005-02-01,commercial,1491.857
2005-03-01,commercial,1542.358
2005-04-01,commercial,1326.291
2005-05-01,commercial,1371.495
2005-06-01,commercial,1473.674
2005-07-01,commercial,1548.38
2005-08-01,commercial,1554.915
2005-09-01,commercial,1400.384
2005-10-01,commercial,1371.659
2005-11-01,commercial,1401.402
2005-12-01,commercial,1680.37
2006-01-01,commercial,1573.764
2006-02-01,commercial,1506.853
2006-03-01,commercial,1522.563
2006-04-01,commercial,1333.455
2006-05-01,commercial,1413.197
2006-06-01,commercial,1463.668
2006-07-01,commercial,1561.052
2006-08-01,commercial,1556.056
2006-09-01,commercial,1354.104
2006-10-01,commercial,1415.596
2006-11-01,commercial,1426.458
2006-12-01,commercial,1581.929
2007-01-01,commercial,1697.007
2007-02-01,commercial,1624.888
2007-03-01,commercial,1538.654
2007-04-01,commercial,1404.713
2007-05-01,commercial,1412.797
2007-06-01,commercial,1469.83
2007-07-01,commercial,1523.694
2007-08-01,commercial,1615.819
2007-09-01,commercial,1407.894
2007-10-01,commercial,1422.802
2007-11-01,commercial,1456.071
2007-12-01,commercial,1677.287
2008-01-01,commercial,1761.665
2008-02-01,commercial,1647.495
2008-03-01,commercial,1574.592
2008-04-01,commercial,1406.385
2008-05-01,commercial,1424.535
2008-06-01,commercial,1514.621
2008-07-01,commercial,1580.383
2008-08-01,commercial,1517.827
2008-09-01,commercial,1395.42
2008-10-01,commercial,1420.703
2008-11-01,commercial,1460.377
2008-12-01,commercial,1698.333
2009-01-01,commercial,1803.94
2009-02-01,commercial,1525.312
2009-03-01,commercial,1530.201
2009-04-01,commercial,1374.921
2009-05-01,commercial,1382.405
2009-06-01,commercial,1454.171
2009-07-01,commercial,1475.377
2009-08-01,commercial,1505.142
2009-09-01,commercial,1357.296
2009-10-01,commercial,1383.915
2009-11-01,commercial,1378.446
2009-12-01,commercial,1717.144
2010-01-01,commercial,1748.074
2010-02-01,commercial,1581.875
2010-03-01,commercial,1463.387
2010-04-01,commercial,1305.673
2010-05-01,commercial,1408.772
2010-06-01,commercial,1499.888
2010-07-01,commercial,1545.041
2010-08-01,commercial,1546.704
2010-09-01,commercial,1390.091
2010-10-01,commercial,1362.825
2010-11-01,commercial,1448.958
2010-12-01,commercial,1756.889
2011-01-01,commercial,1757.206
2011-02-01,commercial,1536.271
2011-03-01,commercial,1538.086
2011-04-01,commercial,1350.382
2011-05-01,commercial,1381.586
2011-06-01,commercial,1461.116
2011-07-01,commercial,1573.757
2011-08-01,commercial,1553.393
2011-09-01,commercial,1378.995
2011-10-01,commercial,1399.013
2011-11-01,commercial,1433.605
2011-12-01,commercial,1618.441
2012-01-01,commercial,1630.153
2012-02-01,commercial,1483.397
2012-03-01,commercial,1379.909
2012-04-01,commercial,1294.988
2012-05-01,commercial,1387.625
2012-06-01,commercial,1427.436
2012-07-01,commercial,1541.923
2012-08-01,commercial,1510.498
2012-09-01,commercial,1357.954
2012-10-01,commercial,1390.354
2012-11-01,commercial,1434.107
2012-12-01,commercial,1578.832
2013-01-01,commercial,1693.875
2013-02-01,commercial,1538.467
2013-03-01,commercial,1556.668
2013-04-01,commercial,1352.715
2013-05-01,commercial,1370.558
2013-06-01,commercial,1423.788
2013-07-01,commercial,1512.74
2013-08-01,commercial,1502.145
2013-09-01,commercial,1377.872
2013-10-01,commercial,1392.066
2013-11-01,commercial,1504.026
2013-12-01,commercial,1704.033
2014-01-01,commercial,1866.644
2014-02-01,commercial,1629.345
2014-03-01,commercial,1620.751
2014-04-01,commercial,1348.026
2014-05-01,commercial,1395.049
2014-06-01,commercial,1446.674
2014-07-01,commercial,1499.594
2014-08-01,commercial,1493.383
2014-09-01,commercial,1391.78
2014-10-01,commercial,1400.223
2014-11-01,commercial,1541.477
2014-12-01,commercial,1629.453
2015-01-01,commercial,1803.365
2015-02-01,commercial,1706.192
2015-03-01,commercial,1558.619
2015-04-01,commercial,1352.369
2015-05-01,commercial,1390.859
2015-06-01,commercial,1451.809
2015-07-01,commercial,1543.108
2015-08-01,commercial,1519.911
2015-09-01,commercial,1414.045
2015-10-01,commercial,1406.791
2015-11-01,commercial,1453.37
2015-12-01,commercial,1554.28
2016-01-01,commercial,1751.449
2016-02-01,commercial,1538.569
2016-03-01,commercial,1438.306
2016-04-01,commercial,1345.719
2016-05-01,commercial,1376.173
2016-06-01,commercial,1464.233
2016-07-01,commercial,1561.257
2016-08-01,commercial,1568.878
2016-09-01,commercial,1420.764
2016-10-01,commercial,1397.126
2016-11-01,commercial,1426.912
2016-12-01,commercial,1737.632
2017-01-01,commercial,1708.841
2017-02-01,commercial,1434.572
2017-03-01,commercial,1561.848
2017-04-01,commercial,1324.063
2017-05-01,commercial,1387.991
2017-06-01,commercial,1437.475
2017-07-01,commercial,1529.55
2017-08-01,commercial,1486.039
2017-09-01,commercial,1378.067
2017-10-01,commercial,1415.351
2017-11-01,commercial,1496.851
2017-12-01,commercial,1759.277
2018-01-01,commercial,1860.852
2018-02-01,commercial,1541.092
2018-03-01,commercial,1618.194
2018-04-01,commercial,1438.315
2018-05-01,commercial,1435.923
2018-06-01,commercial,1474.709
2018-07-01,commercial,1557.246
2018-08-01,commercial,1560.575
1973-01-01,industrial,2701.524
1973-02-01,industrial,2460.752
1973-03-01,industrial,2579.613
1973-04-01,industrial,2550.21
1973-05-01,industrial,2741.81
1973-06-01,industrial,2641.221
1973-07-01,industrial,2691.487
1973-08-01,industrial,2817.613
1973-09-01,industrial,2661.997
1973-10-01,industrial,2911.515
1973-11-01,industrial,2937.298
1973-12-01,industrial,2927.596
1974-01-01,industrial,2601.723
1974-02-01,industrial,2504.584
1974-03-01,industrial,2591.78
1974-04-01,industrial,2427.63
1974-05-01,industrial,2610.64
1974-06-01,industrial,2526.551
1974-07-01,industrial,2687.414
1974-08-01,industrial,2735.222
1974-09-01,industrial,2691.142
1974-10-01,industrial,2907.338
1974-11-01,industrial,2809.339
1974-12-01,industrial,2692.136
1975-01-01,industrial,2763.065
1975-02-01,industrial,2275.417
1975-03-01,industrial,2440.013
1975-04-01,industrial,2104.502
1975-05-01,industrial,2220.526
1975-06-01,industrial,2286.045
1975-07-01,industrial,2389.446
1975-08-01,industrial,2452.756
1975-09-01,industrial,2422.751
1975-10-01,industrial,2693.61
1975-11-01,industrial,2603.459
1975-12-01,industrial,2762.669
1976-01-01,industrial,2669.716
1976-02-01,industrial,2327.845
1976-03-01,industrial,2463.82
1976-04-01,industrial,2359.133
1976-05-01,industrial,2508.466
1976-06-01,industrial,2526.313
1976-07-01,industrial,2622.912
1976-08-01,industrial,2622.754
1976-09-01,industrial,2552.47
1976-10-01,industrial,2906.867
1976-11-01,industrial,2857.016
1976-12-01,industrial,2976.731
1977-01-01,industrial,2801.56
1977-02-01,industrial,2238.883
1977-03-01,industrial,2601.65
1977-04-01,industrial,2463.15
1977-05-01,industrial,2670.669
1977-06-01,industrial,2699.588
1977-07-01,industrial,2657.426
1977-08-01,industrial,2746.716
1977-09-01,industrial,2737.107
1977-10-01,industrial,2851.468
1977-11-01,industrial,2853.192
1977-12-01,industrial,2944.423
1978-01-01,industrial,2935.009
1978-02-01,industrial,2462.234
1978-03-01,industrial,2494.343
1978-04-01,industrial,2521.259
1978-05-01,industrial,2712.974
1978-06-01,industrial,2642.119
1978-07-01,industrial,2736.671
1978-08-01,industrial,2772.882
1978-09-01,industrial,2650.587
1978-10-01,industrial,2881.357
1978-11-01,industrial,2902.769
1978-12-01,industrial,2978.896
1979-01-01,industrial,3046.493
1979-02-01,industrial,2601.203
1979-03-01,industrial,2716.638
1979-04-01,industrial,2572.446
1979-05-01,industrial,2816.628
1979-06-01,industrial,2763.461
1979-07-01,industrial,2798.07
1979-08-01,industrial,2872.964
1979-09-01,industrial,2726.214
1979-10-01,industrial,3014.256
1979-11-01,industrial,2974.3
1979-12-01,industrial,3023.08
1980-01-01,industrial,2957.907
1980-02-01,industrial,2658.723
1980-03-01,industrial,2748.129
1980-04-01,industrial,2484.338
1980-05-01,industrial,2595.274
1980-06-01,industrial,2517.169
1980-07-01,industrial,2503.659
1980-08-01,industrial,2486.699
1980-09-01,industrial,2578.643
1980-10-01,industrial,2812.166
1980-11-01,industrial,2773.898
1980-12-01,industrial,2918.559
1981-01-01,industrial,2728.047
1981-02-01,industrial,2293.368
1981-03-01,industrial,2600.476
1981-04-01,industrial,2399.475
1981-05-01,industrial,2558.023
1981-06-01,industrial,2529.46
1981-07-01,industrial,2578.251
1981-08-01,industrial,2575.742
1981-09-01,industrial,2517.445
1981-10-01,industrial,2664.389
1981-11-01,industrial,2543.088
1981-12-01,industrial,2724.461
1982-01-01,industrial,2628.64
1982-02-01,industrial,2184.459
1982-03-01,industrial,2383.021
1982-04-01,industrial,2224.421
1982-05-01,industrial,2206.428
1982-06-01,industrial,2230.655
1982-07-01,industrial,2276.115
1982-08-01,industrial,2296.163
1982-09-01,industrial,2178.64
1982-10-01,industrial,2362.924
1982-11-01,industrial,2364.299
1982-12-01,industrial,2279.362
1983-01-01,industrial,2307.397
1983-02-01,industrial,2123.766
1983-03-01,industrial,2279.943
1983-04-01,industrial,2188.932
1983-05-01,industrial,2262.386
1983-06-01,industrial,2260.918
1983-07-01,industrial,2300.968
1983-08-01,industrial,2353.518
1983-09-01,industrial,2238.222
1983-10-01,industrial,2310.584
1983-11-01,industrial,2360.477
1983-12-01,industrial,2442.541
1984-01-01,industrial,2642.979
1984-02-01,industrial,2418.941
1984-03-01,industrial,2570.505
1984-04-01,industrial,2460.433
1984-05-01,industrial,2519.4
1984-06-01,industrial,2454.306
1984-07-01,industrial,2448.97
1984-08-01,industrial,2515.35
1984-09-01,industrial,2313.561
1984-10-01,industrial,2440.579
1984-11-01,industrial,2379.917
1984-12-01,industrial,2408.154
1985-01-01,industrial,2591.591
1985-02-01,industrial,2337.967
1985-03-01,industrial,2395.138
1985-04-01,industrial,2355.024
1985-05-01,industrial,2428.082
1985-06-01,industrial,2349.195
1985-07-01,industrial,2407.347
1985-08-01,industrial,2425.344
1985-09-01,industrial,2264.185
1985-10-01,industrial,2400.529
1985-11-01,industrial,2329.738
1985-12-01,industrial,2528.496
1986-01-01,industrial,2552.052
1986-02-01,industrial,2347.777
1986-03-01,industrial,2481.556
1986-04-01,industrial,2345.154
1986-05-01,industrial,2418.761
1986-06-01,industrial,2325.066
1986-07-01,industrial,2310.835
1986-08-01,industrial,2293.246
1986-09-01,industrial,2233.483
1986-10-01,industrial,2303.982
1986-11-01,industrial,2262.122
1986-12-01,industrial,2399.26
1987-01-01,industrial,2615.353
1987-02-01,industrial,2347.609
1987-03-01,industrial,2389.077
1987-04-01,industrial,2374.998
1987-05-01,industrial,2395.457
1987-06-01,industrial,2432.019
1987-07-01,industrial,2489.109
1987-08-01,industrial,2450.339
1987-09-01,industrial,2381.24
1987-10-01,industrial,2483.461
1987-11-01,industrial,2416.203
1987-12-01,industrial,2601.464
1988-01-01,industrial,2567.198
1988-02-01,industrial,2500.869
1988-03-01,industrial,2643.031
1988-04-01,industrial,2403.707
1988-05-01,industrial,2519.327
1988-06-01,industrial,2529.722
1988-07-01,industrial,2526.482
1988-08-01,industrial,2651.49
1988-09-01,industrial,2480.476
1988-10-01,industrial,2618.111
1988-11-01,industrial,2558.648
1988-12-01,industrial,2675.79
1989-01-01,industrial,2615.321
1989-02-01,industrial,2486.625
1989-03-01,industrial,2657.164
1989-04-01,industrial,2509.763
1989-05-01,industrial,2590.772
1989-06-01,industrial,2594.632
1989-07-01,industrial,2589.413
1989-08-01,industrial,2674.484
1989-09-01,industrial,2525.555
1989-10-01,industrial,2680.079
1989-11-01,industrial,2639.923
1989-12-01,industrial,2762.245
1990-01-01,industrial,2657.92
1990-02-01,industrial,2474.805
1990-03-01,industrial,2676.452
1990-04-01,industrial,2613.099
1990-05-01,industrial,2666.977
1990-06-01,industrial,2634.68
1990-07-01,industrial,2668.523
1990-08-01,industrial,2805.905
1990-09-01,industrial,2605.634
1990-10-01,industrial,2725.602
1990-11-01,industrial,2594.291
1990-12-01,industrial,2681.595
1991-01-01,industrial,2754.415
1991-02-01,industrial,2369.565
1991-03-01,industrial,2527.697
1991-04-01,industrial,2457.714
1991-05-01,industrial,2568.689
1991-06-01,industrial,2543.272
1991-07-01,industrial,2653.898
1991-08-01,industrial,2716.164
1991-09-01,industrial,2661.352
1991-10-01,industrial,2753.945
1991-11-01,industrial,2671.861
1991-12-01,industrial,2719.096
1992-01-01,industrial,2787.063
1992-02-01,industrial,2546.828
1992-03-01,industrial,2718.27
1992-04-01,industrial,2600.92
1992-05-01,industrial,2649.251
1992-06-01,industrial,2706.413
1992-07-01,industrial,2789.071
1992-08-01,industrial,2767.484
1992-09-01,industrial,2666.507
1992-10-01,industrial,2778.788
1992-11-01,industrial,2755.878
1992-12-01,industrial,2801.398
1993-01-01,industrial,2701.931
1993-02-01,industrial,2593.428
1993-03-01,industrial,2793.601
1993-04-01,industrial,2593.978
1993-05-01,industrial,2591.422
1993-06-01,industrial,2677.783
1993-07-01,industrial,2734.848
1993-08-01,industrial,2775.76
1993-09-01,industrial,2673.023
1993-10-01,industrial,2835.169
1993-11-01,industrial,2815.211
1993-12-01,industrial,2829.708
1994-01-01,industrial,2931.439
1994-02-01,industrial,2681.829
1994-03-01,industrial,2777.344
1994-04-01,industrial,2680.066
1994-05-01,industrial,2710.026
1994-06-01,industrial,2782.969
1994-07-01,industrial,2792.063
1994-08-01,industrial,2868.532
1994-09-01,industrial,2760.095
1994-10-01,industrial,2867.113
1994-11-01,industrial,2786.926
1994-12-01,industrial,2880.842
1995-01-01,industrial,2828.277
1995-02-01,industrial,2653.596
1995-03-01,industrial,2807.856
1995-04-01,industrial,2738.622
1995-05-01,industrial,2822.094
1995-06-01,industrial,2804.577
1995-07-01,industrial,2888.607
1995-08-01,industrial,2977.527
1995-09-01,industrial,2799.21
1995-10-01,industrial,2879.887
1995-11-01,industrial,2837.886
1995-12-01,industrial,2923.666
1996-01-01,industrial,2952.532
1996-02-01,industrial,2756.648
1996-03-01,industrial,2950.993
1996-04-01,industrial,2746.852
1996-05-01,industrial,2892.008
1996-06-01,industrial,2899.141
1996-07-01,industrial,2922.258
1996-08-01,industrial,2996.335
1996-09-01,industrial,2806.866
1996-10-01,industrial,3076.236
1996-11-01,industrial,2951.717
1996-12-01,industrial,2952.385
1997-01-01,industrial,3014.217
1997-02-01,industrial,2713.074
1997-03-01,industrial,2909.528
1997-04-01,industrial,2880.826
1997-05-01,industrial,2935.597
1997-06-01,industrial,2906.227
1997-07-01,industrial,2995.822
1997-08-01,industrial,3003.812
1997-09-01,industrial,2883.193
1997-10-01,industrial,3033.05
1997-11-01,industrial,2905.318
1997-12-01,industrial,3014.337
1998-01-01,industrial,2946.353
1998-02-01,industrial,2699.049
1998-03-01,industrial,2908.14
1998-04-01,industrial,2812.972
1998-05-01,industrial,2934.055
1998-06-01,industrial,2864.557
1998-07-01,industrial,2976.581
1998-08-01,industrial,3035.048
1998-09-01,industrial,2864.771
1998-10-01,industrial,2938.028
1998-11-01,industrial,2831.788
1998-12-01,industrial,3021.099
1999-01-01,industrial,2912.155
1999-02-01,industrial,2673.34
1999-03-01,industrial,2882.955
1999-04-01,industrial,2822.595
1999-05-01,industrial,2878.765
1999-06-01,industrial,2889.671
1999-07-01,industrial,2959.049
1999-08-01,industrial,3037.717
1999-09-01,industrial,2905.725
1999-10-01,industrial,2939.946
1999-11-01,industrial,2884.043
1999-12-01,industrial,2971.659
2000-01-01,industrial,2906.089
2000-02-01,industrial,2799.312
2000-03-01,industrial,2929.981
2000-04-01,industrial,2780.875
2000-05-01,industrial,3009.118
2000-06-01,industrial,2914.762
2000-07-01,industrial,2875.137
2000-08-01,industrial,3037.217
2000-09-01,industrial,2821.727
2000-10-01,industrial,2875.907
2000-11-01,industrial,2824.276
2000-12-01,industrial,2893.414
2001-01-01,industrial,2835.379
2001-02-01,industrial,2624.187
2001-03-01,industrial,2833.628
2001-04-01,industrial,2705.956
2001-05-01,industrial,2763.81
2001-06-01,industrial,2668.823
2001-07-01,industrial,2707.644
2001-08-01,industrial,2801.873
2001-09-01,industrial,2599.288
2001-10-01,industrial,2806.449
2001-11-01,industrial,2682.524
2001-12-01,industrial,2688.551
2002-01-01,industrial,2765.571
2002-02-01,industrial,2531.322
2002-03-01,industrial,2740.883
2002-04-01,industrial,2693.275
2002-05-01,industrial,2768.095
2002-06-01,industrial,2720.315
2002-07-01,industrial,2834.134
2002-08-01,industrial,2802.045
2002-09-01,industrial,2647.285
2002-10-01,industrial,2724.51
2002-11-01,industrial,2723.6
2002-12-01,industrial,2710.342
2003-01-01,industrial,2777.633
2003-02-01,industrial,2619.067
2003-03-01,industrial,2696.749
2003-04-01,industrial,2666.839
2003-05-01,industrial,2681.908
2003-06-01,industrial,2642.514
2003-07-01,industrial,2766.066
2003-08-01,industrial,2785.92
2003-09-01,industrial,2633.157
2003-10-01,industrial,2764.215
2003-11-01,industrial,2701.187
2003-12-01,industrial,2820.221
2004-01-01,industrial,2801.214
2004-02-01,industrial,2710.182
2004-03-01,industrial,2790.504
2004-04-01,industrial,2720.989
2004-05-01,industrial,2834.618
2004-06-01,industrial,2758.882
2004-07-01,industrial,2828.262
2004-08-01,industrial,2855.022
2004-09-01,industrial,2727.521
2004-10-01,industrial,2811.794
2004-11-01,industrial,2795.087
2004-12-01,industrial,2881.414
2005-01-01,industrial,2811.297
2005-02-01,industrial,2588.105
2005-03-01,industrial,2814.424
2005-04-01,industrial,2620.986
2005-05-01,industrial,2765.001
2005-06-01,industrial,2759.404
2005-07-01,industrial,2713.422
2005-08-01,industrial,2790.306
2005-09-01,industrial,2537.177
2005-10-01,industrial,2601.12
2005-11-01,industrial,2669.027
2005-12-01,industrial,2769.801
2006-01-01,industrial,2723.503
2006-02-01,industrial,2545.462
2006-03-01,industrial,2727.992
2006-04-01,industrial,2577.341
2006-05-01,industrial,2727.974
2006-06-01,industrial,2716.596
2006-07-01,industrial,2707.354
2006-08-01,industrial,2811.746
2006-09-01,industrial,2672.223
2006-10-01,industrial,2765.28
2006-11-01,industrial,2700.987
2006-12-01,industrial,2713.402
2007-01-01,industrial,2798.532
2007-02-01,industrial,2595.059
2007-03-01,industrial,2697.417
2007-04-01,industrial,2645.377
2007-05-01,industrial,2738.921
2007-06-01,industrial,2660.591
2007-07-01,industrial,2693.588
2007-08-01,industrial,2776.914
2007-09-01,industrial,2614.73
2007-10-01,industrial,2709.516
2007-11-01,industrial,2677.991
2007-12-01,industrial,2774.106
2008-01-01,industrial,2822.893
2008-02-01,industrial,2617.719
2008-03-01,industrial,2690.233
2008-04-01,industrial,2602.633
2008-05-01,industrial,2695.375
2008-06-01,industrial,2615.164
2008-07-01,industrial,2647.269
2008-08-01,industrial,2603.421
2008-09-01,industrial,2379.829
2008-10-01,industrial,2658.924
2008-11-01,industrial,2527.042
2008-12-01,industrial,2470.755
2009-01-01,industrial,2510.558
2009-02-01,industrial,2260.298
2009-03-01,industrial,2373.714
2009-04-01,industrial,2247.822
2009-05-01,industrial,2299.213
2009-06-01,industrial,2318.955
2009-07-01,industrial,2337.453
2009-08-01,industrial,2423.064
2009-09-01,industrial,2345.568
2009-10-01,industrial,2417.906
2009-11-01,industrial,2393.485
2009-12-01,industrial,2534.43
2010-01-01,industrial,2526.322
2010-02-01,industrial,2400.061
2010-03-01,industrial,2587.859
2010-04-01,industrial,2465.83
2010-05-01,industrial,2563.54
2010-06-01,industrial,2555.428
2010-07-01,industrial,2570.748
2010-08-01,industrial,2667.967
2010-09-01,industrial,2542.955
2010-10-01,industrial,2516.047
2010-11-01,industrial,2555.236
2010-12-01,industrial,2716.099
2011-01-01,industrial,2687.543
2011-02-01,industrial,2407.788
2011-03-01,industrial,2682.092
2011-04-01,industrial,2495.74
2011-05-01,industrial,2545.024
2011-06-01,industrial,2540.893
2011-07-01,industrial,2594.552
2011-08-01,industrial,2672.134
2011-09-01,industrial,2510.957
2011-10-01,industrial,2601.248
2011-11-01,industrial,2624.762
2011-12-01,industrial,2615.174
2012-01-01,industrial,2676.962
2012-02-01,industrial,2536.864
2012-03-01,industrial,2565.827
2012-04-01,industrial,2481.314
2012-05-01,industrial,2609.053
2012-06-01,industrial,2547.267
2012-07-01,industrial,2612.394
2012-08-01,industrial,2645.429
2012-09-01,industrial,2471.971
2012-10-01,industrial,2633.646
2012-11-01,industrial,2604.577
2012-12-01,industrial,2667.785
2013-01-01,industrial,2722.01
2013-02-01,industrial,2467.111
2013-03-01,industrial,2603.426
2013-04-01,industrial,2507.863
2013-05-01,industrial,2647.81
2013-06-01,industrial,2577.046
2013-07-01,industrial,2674.809
2013-08-01,industrial,2655.784
2013-09-01,industrial,2598.483
2013-10-01,industrial,2682.783
2013-11-01,industrial,2719.153
2013-12-01,industrial,2767.483
2014-01-01,industrial,2800.114
2014-02-01,industrial,2488.248
2014-03-01,industrial,2626.872
2014-04-01,industrial,2568.023
2014-05-01,industrial,2622.522
2014-06-01,industrial,2585.837
2014-07-01,industrial,2693.202
2014-08-01,industrial,2704.499
2014-09-01,industrial,2608.876
2014-10-01,industrial,2686.861
2014-11-01,industrial,2683.767
2014-12-01,industrial,2725.4
2015-01-01,industrial,2763.486
2015-02-01,industrial,2550.863
2015-03-01,industrial,2627.0
2015-04-01,industrial,2544.225
2015-05-01,industrial,2641.813
2015-06-01,industrial,2657.463
2015-07-01,industrial,2730.851
2015-08-01,industrial,2705.06
2015-09-01,industrial,2545.299
2015-10-01,industrial,2556.93
2015-11-01,industrial,2521.665
2015-12-01,industrial,2620.991
2016-01-01,industrial,2730.98
2016-02-01,industrial,2584.489
2016-03-01,industrial,2621.279
2016-04-01,industrial,2504.051
2016-05-01,industrial,2561.91
2016-06-01,industrial,2573.465
2016-07-01,industrial,2647.659
2016-08-01,industrial,2728.906
2016-09-01,industrial,2540.375
2016-10-01,industrial,2608.315
2016-11-01,industrial,2585.887
2016-12-01,industrial,2758.453
2017-01-01,industrial,2729.008
2017-02-01,industrial,2433.791
2017-03-01,industrial,2716.255
2017-04-01,industrial,2554.257
2017-05-01,industrial,2664.493
2017-06-01,industrial,2639.826
2017-07-01,industrial,2720.504
2017-08-01,industrial,2701.287
2017-09-01,industrial,2569.222
2017-10-01,industrial,2669.856
2017-11-01,industrial,2728.786
2017-12-01,industrial,2827.926
2018-01-01,industrial,2834.26
2018-02-01,industrial,2520.603
2018-03-01,industrial,2764.074
2018-04-01,industrial,2595.272
2018-05-01,industrial,2747.379
2018-06-01,industrial,2679.603
2018-07-01,industrial,2761.891
2018-08-01,industrial,2871.105
1973-01-01,transportation,1509.552
1973-02-01,transportation,1442.127
1973-03-01,transportation,1564.016
1973-04-01,transportation,1482.632
1973-05-01,transportation,1624.436
1973-06-01,transportation,1543.553
1973-07-01,transportation,1587.202
1973-08-01,transportation,1649.55
1973-09-01,transportation,1505.857
1973-10-01,transportation,1580.742
1973-11-01,transportation,1585.217
1973-12-01,transportation,1537.891
1974-01-01,transportation,1441.921
1974-02-01,transportation,1341.826
1974-03-01,transportation,1483.195
1974-04-01,transportation,1469.842
1974-05-01,transportation,1559.392
1974-06-01,transportation,1528.118
1974-07-01,transportation,1581.456
1974-08-01,transportation,1604.223
1974-09-01,transportation,1458.89
1974-10-01,transportation,1572.633
1974-11-01,transportation,1510.563
1974-12-01,transportation,1568.378
1975-01-01,transportation,1545.584
1975-02-01,transportation,1361.954
1975-03-01,transportation,1519.702
1975-04-01,transportation,1510.837
1975-05-01,transportation,1545.238
1975-06-01,transportation,1529.658
1975-07-01,transportation,1560.25
1975-08-01,transportation,1560.436
1975-09-01,transportation,1493.554
1975-10-01,transportation,1571.249
1975-11-01,transportation,1445.305
1975-12-01,transportation,1601.232
1976-01-01,transportation,1535.406
1976-02-01,transportation,1421.841
1976-03-01,transportation,1607.566
1976-04-01,transportation,1584.545
1976-05-01,transportation,1567.172
1976-06-01,transportation,1613.299
1976-07-01,transportation,1651.192
1976-08-01,transportation,1609.175
1976-09-01,transportation,1582.273
1976-10-01,transportation,1602.472
1976-11-01,transportation,1602.617
1976-12-01,transportation,1723.225
1977-01-01,transportation,1585.432
1977-02-01,transportation,1529.74
1977-03-01,transportation,1659.602
1977-04-01,transportation,1640.796
1977-05-01,transportation,1620.607
1977-06-01,transportation,1678.044
1977-07-01,transportation,1669.284
1977-08-01,transportation,1715.861
1977-09-01,transportation,1647.372
1977-10-01,transportation,1669.798
1977-11-01,transportation,1650.399
1977-12-01,transportation,1754.664
1978-01-01,transportation,1651.746
1978-02-01,transportation,1579.264
1978-03-01,transportation,1765.033
1978-04-01,transportation,1671.216
1978-05-01,transportation,1786.987
1978-06-01,transportation,1744.207
1978-07-01,transportation,1724.251
1978-08-01,transportation,1802.121
1978-09-01,transportation,1657.069
1978-10-01,transportation,1737.709
1978-11-01,transportation,1725.772
1978-12-01,transportation,1771.69
1979-01-01,transportation,1739.367
1979-02-01,transportation,1671.974
1979-03-01,transportation,1835.958
1979-04-01,transportation,1653.147
1979-05-01,transportation,1741.283
1979-06-01,transportation,1677.392
1979-07-01,transportation,1661.98
1979-08-01,transportation,1746.596
1979-09-01,transportation,1631.795
1979-10-01,transportation,1738.242
1979-11-01,transportation,1645.91
1979-12-01,transportation,1727.893
1980-01-01,transportation,1683.412
1980-02-01,transportation,1629.048
1980-03-01,transportation,1690.604
1980-04-01,transportation,1677.628
1980-05-01,transportation,1656.148
1980-06-01,transportation,1590.303
1980-07-01,transportation,1644.729
1980-08-01,transportation,1600.924
1980-09-01,transportation,1594.546
1980-10-01,transportation,1679.806
1980-11-01,transportation,1544.591
1980-12-01,transportation,1703.29
1981-01-01,transportation,1708.834
1981-02-01,transportation,1510.657
1981-03-01,transportation,1642.089
1981-04-01,transportation,1594.921
1981-05-01,transportation,1620.232
1981-06-01,transportation,1650.824
1981-07-01,transportation,1674.0
1981-08-01,transportation,1635.993
1981-09-01,transportation,1596.553
1981-10-01,transportation,1617.451
1981-11-01,transportation,1557.822
1981-12-01,transportation,1703.273
1982-01-01,transportation,1573.214
1982-02-01,transportation,1493.75
1982-03-01,transportation,1633.336
1982-04-01,transportation,1649.936
1982-05-01,transportation,1610.761
1982-06-01,transportation,1602.435
1982-07-01,transportation,1613.137
1982-08-01,transportation,1592.794
1982-09-01,transportation,1547.573
1982-10-01,transportation,1566.54
1982-11-01,transportation,1586.483
1982-12-01,transportation,1619.863
1983-01-01,transportation,1511.252
1983-02-01,transportation,1374.025
1983-03-01,transportation,1675.889
1983-04-01,transportation,1540.887
1983-05-01,transportation,1618.355
1983-06-01,transportation,1642.167
1983-07-01,transportation,1624.692
1983-08-01,transportation,1667.249
1983-09-01,transportation,1606.672
1983-10-01,transportation,1619.832
1983-11-01,transportation,1583.394
1983-12-01,transportation,1712.182
1984-01-01,transportation,1623.344
1984-02-01,transportation,1478.84
1984-03-01,transportation,1647.003
1984-04-01,transportation,1625.737
1984-05-01,transportation,1697.791
1984-06-01,transportation,1666.333
1984-07-01,transportation,1681.849
1984-08-01,transportation,1727.355
1984-09-01,transportation,1591.241
1984-10-01,transportation,1668.474
1984-11-01,transportation,1619.644
1984-12-01,transportation,1627.965
1985-01-01,transportation,1647.801
1985-02-01,transportation,1504.787
1985-03-01,transportation,1678.228
1985-04-01,transportation,1685.978
1985-05-01,transportation,1734.382
1985-06-01,transportation,1660.861
1985-07-01,transportation,1720.91
1985-08-01,transportation,1771.71
1985-09-01,transportation,1596.404
1985-10-01,transportation,1716.489
1985-11-01,transportation,1640.877
1985-12-01,transportation,1729.485
1986-01-01,transportation,1656.988
1986-02-01,transportation,1509.074
1986-03-01,transportation,1744.494
1986-04-01,transportation,1722.59
1986-05-01,transportation,1770.133
1986-06-01,transportation,1735.06
1986-07-01,transportation,1821.882
1986-08-01,transportation,1830.078
1986-09-01,transportation,1669.904
1986-10-01,transportation,1791.715
1986-11-01,transportation,1693.472
1986-12-01,transportation,1843.4
1987-01-01,transportation,1720.934
1987-02-01,transportation,1616.725
1987-03-01,transportation,1771.882
1987-04-01,transportation,1783.711
1987-05-01,transportation,1828.945
1987-06-01,transportation,1811.055
1987-07-01,transportation,1880.589
1987-08-01,transportation,1831.196
1987-09-01,transportation,1775.383
1987-10-01,transportation,1857.96
1987-11-01,transportation,1729.639
1987-12-01,transportation,1860.857
1988-01-01,transportation,1814.99
1988-02-01,transportation,1770.153
1988-03-01,transportation,1922.493
1988-04-01,transportation,1841.677
1988-05-01,transportation,1845.667
1988-06-01,transportation,1884.918
1988-07-01,transportation,1863.132
1988-08-01,transportation,1896.835
1988-09-01,transportation,1823.307
1988-10-01,transportation,1891.139
1988-11-01,transportation,1833.316
1988-12-01,transportation,1930.081
1989-01-01,transportation,1820.321
1989-02-01,transportation,1706.675
1989-03-01,transportation,1931.806
1989-04-01,transportation,1806.787
1989-05-01,transportation,1886.121
1989-06-01,transportation,1912.731
1989-07-01,transportation,1872.56
1989-08-01,transportation,1955.11
1989-09-01,transportation,1797.178
1989-10-01,transportation,1936.706
1989-11-01,transportation,1852.806
1989-12-01,transportation,1999.778
1990-01-01,transportation,1867.461
1990-02-01,transportation,1754.496
1990-03-01,transportation,1926.195
1990-04-01,transportation,1819.303
1990-05-01,transportation,1922.291
1990-06-01,transportation,1855.217
1990-07-01,transportation,1897.637
1990-08-01,transportation,2012.597
1990-09-01,transportation,1760.284
1990-10-01,transportation,1895.895
1990-11-01,transportation,1837.581
1990-12-01,transportation,1870.028
1991-01-01,transportation,1819.779
1991-02-01,transportation,1659.908
1991-03-01,transportation,1866.298
1991-04-01,transportation,1787.944
1991-05-01,transportation,1851.159
1991-06-01,transportation,1856.886
1991-07-01,transportation,1908.977
1991-08-01,transportation,1933.768
1991-09-01,transportation,1796.929
1991-10-01,transportation,1910.102
1991-11-01,transportation,1800.883
1991-12-01,transportation,1925.381
1992-01-01,transportation,1844.464
1992-02-01,transportation,1755.798
1992-03-01,transportation,1878.759
1992-04-01,transportation,1838.055
1992-05-01,transportation,1895.385
1992-06-01,transportation,1837.282
1992-07-01,transportation,1920.87
1992-08-01,transportation,1912.897
1992-09-01,transportation,1804.045
1992-10-01,transportation,1925.975
1992-11-01,transportation,1811.159
1992-12-01,transportation,1990.374
1993-01-01,transportation,1779.54
1993-02-01,transportation,1718.006
1993-03-01,transportation,1925.692
1993-04-01,transportation,1863.264
1993-05-01,transportation,1922.718
1993-06-01,transportation,1870.603
1993-07-01,transportation,1930.047
1993-08-01,transportation,1936.978
1993-09-01,transportation,1882.514
1993-10-01,transportation,1926.664
1993-11-01,transportation,1908.327
1993-12-01,transportation,2006.38
1994-01-01,transportation,1873.161
1994-02-01,transportation,1795.087
1994-03-01,transportation,1950.253
1994-04-01,transportation,1923.874
1994-05-01,transportation,1963.983
1994-06-01,transportation,1944.809
1994-07-01,transportation,1974.129
1994-08-01,transportation,2065.035
1994-09-01,transportation,1899.755
1994-10-01,transportation,1977.219
1994-11-01,transportation,1900.038
1994-12-01,transportation,2051.319
1995-01-01,transportation,1932.021
1995-02-01,transportation,1799.374
1995-03-01,transportation,2034.367
1995-04-01,transportation,1920.446
1995-05-01,transportation,2014.41
1995-06-01,transportation,2034.839
1995-07-01,transportation,1980.85
1995-08-01,transportation,2059.595
1995-09-01,transportation,1976.422
1995-10-01,transportation,2030.92
1995-11-01,transportation,1984.546
1995-12-01,transportation,2044.053
1996-01-01,transportation,1987.14
1996-02-01,transportation,1905.185
1996-03-01,transportation,2048.284
1996-04-01,transportation,2001.486
1996-05-01,transportation,2091.913
1996-06-01,transportation,2009.77
1996-07-01,transportation,2091.159
1996-08-01,transportation,2146.127
1996-09-01,transportation,1949.013
1996-10-01,transportation,2144.028
1996-11-01,transportation,2000.27
1996-12-01,transportation,2044.893
1997-01-01,transportation,1990.619
1997-02-01,transportation,1871.291
1997-03-01,transportation,2061.494
1997-04-01,transportation,2066.751
1997-05-01,transportation,2115.526
1997-06-01,transportation,2051.572
1997-07-01,transportation,2168.649
1997-08-01,transportation,2117.058
1997-09-01,transportation,2009.534
1997-10-01,transportation,2119.99
1997-11-01,transportation,2026.004
1997-12-01,transportation,2124.036
1998-01-01,transportation,2051.407
1998-02-01,transportation,1868.519
1998-03-01,transportation,2091.38
1998-04-01,transportation,2138.327
1998-05-01,transportation,2094.948
1998-06-01,transportation,2093.718
1998-07-01,transportation,2212.256
1998-08-01,transportation,2175.538
1998-09-01,transportation,2075.478
1998-10-01,transportation,2173.451
1998-11-01,transportation,2059.411
1998-12-01,transportation,2190.007
1999-01-01,transportation,2060.178
1999-02-01,transportation,1910.809
1999-03-01,transportation,2165.404
1999-04-01,transportation,2112.747
1999-05-01,transportation,2187.492
1999-06-01,transportation,2167.375
1999-07-01,transportation,2233.468
1999-08-01,transportation,2253.41
1999-09-01,transportation,2103.787
1999-10-01,transportation,2250.66
1999-11-01,transportation,2121.324
1999-12-01,transportation,2349.322
2000-01-01,transportation,2077.673
2000-02-01,transportation,2071.627
2000-03-01,transportation,2202.458
2000-04-01,transportation,2154.026
2000-05-01,transportation,2246.294
2000-06-01,transportation,2220.146
2000-07-01,transportation,2300.59
2000-08-01,transportation,2330.641
2000-09-01,transportation,2168.178
2000-10-01,transportation,2282.324
2000-11-01,transportation,2165.298
2000-12-01,transportation,2296.212
2001-01-01,transportation,2144.059
2001-02-01,transportation,1984.005
2001-03-01,transportation,2229.666
2001-04-01,transportation,2166.76
2001-05-01,transportation,2263.122
2001-06-01,transportation,2185.106
2001-07-01,transportation,2325.392
2001-08-01,transportation,2290.726
2001-09-01,transportation,2116.973
2001-10-01,transportation,2248.631
2001-11-01,transportation,2130.25
2001-12-01,transportation,2157.423
2002-01-01,transportation,2163.736
2002-02-01,transportation,1993.786
2002-03-01,transportation,2247.574
2002-04-01,transportation,2215.502
2002-05-01,transportation,2297.452
2002-06-01,transportation,2256.087
2002-07-01,transportation,2326.422
2002-08-01,transportation,2343.765
2002-09-01,transportation,2165.847
2002-10-01,transportation,2264.068
2002-11-01,transportation,2226.341
2002-12-01,transportation,2307.217
2003-01-01,transportation,2158.638
2003-02-01,transportation,2020.797
2003-03-01,transportation,2240.338
2003-04-01,transportation,2196.146
2003-05-01,transportation,2268.627
2003-06-01,transportation,2225.292
2003-07-01,transportation,2319.679
2003-08-01,transportation,2390.271
2003-09-01,transportation,2199.479
2003-10-01,transportation,2319.108
2003-11-01,transportation,2226.826
2003-12-01,transportation,2315.852
2004-01-01,transportation,2236.236
2004-02-01,transportation,2175.355
2004-03-01,transportation,2333.38
2004-04-01,transportation,2285.766
2004-05-01,transportation,2345.058
2004-06-01,transportation,2317.841
2004-07-01,transportation,2404.516
2004-08-01,transportation,2402.036
2004-09-01,transportation,2273.633
2004-10-01,transportation,2388.471
2004-11-01,transportation,2296.925
2004-12-01,transportation,2367.28
2005-01-01,transportation,2296.327
2005-02-01,transportation,2135.198
2005-03-01,transportation,2379.439
2005-04-01,transportation,2314.431
2005-05-01,transportation,2423.755
2005-06-01,transportation,2349.158
2005-07-01,transportation,2452.413
2005-08-01,transportation,2479.018
2005-09-01,transportation,2287.829
2005-10-01,transportation,2385.432
2005-11-01,transportation,2324.975
2005-12-01,transportation,2432.739
2006-01-01,transportation,2351.374
2006-02-01,transportation,2143.798
2006-03-01,transportation,2417.732
2006-04-01,transportation,2348.443
2006-05-01,transportation,2436.881
2006-06-01,transportation,2404.808
2006-07-01,transportation,2508.397
2006-08-01,transportation,2523.351
2006-09-01,transportation,2337.338
2006-10-01,transportation,2447.979
2006-11-01,transportation,2324.045
2006-12-01,transportation,2452.706
2007-01-01,transportation,2357.665
2007-02-01,transportation,2177.123
2007-03-01,transportation,2402.901
2007-04-01,transportation,2364.361
2007-05-01,transportation,2477.75
2007-06-01,transportation,2426.829
2007-07-01,transportation,2520.398
2007-08-01,transportation,2537.482
2007-09-01,transportation,2352.338
2007-10-01,transportation,2439.286
2007-11-01,transportation,2354.089
2007-12-01,transportation,2404.936
2008-01-01,transportation,2286.523
2008-02-01,transportation,2127.977
2008-03-01,transportation,2336.595
2008-04-01,transportation,2308.521
2008-05-01,transportation,2393.977
2008-06-01,transportation,2289.56
2008-07-01,transportation,2375.067
2008-08-01,transportation,2364.102
2008-09-01,transportation,2137.787
2008-10-01,transportation,2333.248
2008-11-01,transportation,2192.964
2008-12-01,transportation,2275.235
2009-01-01,transportation,2208.918
2009-02-01,transportation,1995.568
2009-03-01,transportation,2257.427
2009-04-01,transportation,2218.936
2009-05-01,transportation,2241.899
2009-06-01,transportation,2244.342
2009-07-01,transportation,2297.714
2009-08-01,transportation,2324.277
2009-09-01,transportation,2155.813
2009-10-01,transportation,2265.924
2009-11-01,transportation,2161.027
2009-12-01,transportation,2276.49
2010-01-01,transportation,2162.675
2010-02-01,transportation,1980.317
2010-03-01,transportation,2262.459
2010-04-01,transportation,2249.507
2010-05-01,transportation,2314.278
2010-06-01,transportation,2286.146
2010-07-01,transportation,2365.894
2010-08-01,transportation,2364.538
2010-09-01,transportation,2261.969
2010-10-01,transportation,2294.194
2010-11-01,transportation,2193.821
2010-12-01,transportation,2281.018
2011-01-01,transportation,2182.231
2011-02-01,transportation,2008.251
2011-03-01,transportation,2267.917
2011-04-01,transportation,2202.777
2011-05-01,transportation,2277.284
2011-06-01,transportation,2284.698
2011-07-01,transportation,2300.334
2011-08-01,transportation,2330.99
2011-09-01,transportation,2200.934
2011-10-01,transportation,2237.299
2011-11-01,transportation,2158.591
2011-12-01,transportation,2235.32
2012-01-01,transportation,2108.65
2012-02-01,transportation,2045.991
2012-03-01,transportation,2190.465
2012-04-01,transportation,2162.771
2012-05-01,transportation,2268.339
2012-06-01,transportation,2235.189
2012-07-01,transportation,2280.372
2012-08-01,transportation,2331.817
2012-09-01,transportation,2129.081
2012-10-01,transportation,2217.591
2012-11-01,transportation,2111.538
2012-12-01,transportation,2119.711
2013-01-01,transportation,2141.555
2013-02-01,transportation,1949.228
2013-03-01,transportation,2231.604
2013-04-01,transportation,2183.075
2013-05-01,transportation,2285.349
2013-06-01,transportation,2240.531
2013-07-01,transportation,2354.663
2013-08-01,transportation,2359.344
2013-09-01,transportation,2216.082
2013-10-01,transportation,2306.848
2013-11-01,transportation,2222.478
2013-12-01,transportation,2230.633
2014-01-01,transportation,2148.682
2014-02-01,transportation,1991.073
2014-03-01,transportation,2218.661
2014-04-01,transportation,2225.616
2014-05-01,transportation,2288.06
2014-06-01,transportation,2254.161
2014-07-01,transportation,2375.424
2014-08-01,transportation,2378.585
2014-09-01,transportation,2210.613
2014-10-01,transportation,2344.33
2014-11-01,transportation,2223.301
2014-12-01,transportation,2310.127
2015-01-01,transportation,2184.626
2015-02-01,transportation,2017.727
2015-03-01,transportation,2303.039
2015-04-01,transportation,2240.447
2015-05-01,transportation,2323.976
2015-06-01,transportation,2317.823
2015-07-01,transportation,2430.172
2015-08-01,transportation,2411.057
2015-09-01,transportation,2285.796
2015-10-01,transportation,2334.326
2015-11-01,transportation,2199.189
2015-12-01,transportation,2302.293
2016-01-01,transportation,2194.383
2016-02-01,transportation,2137.574
2016-03-01,transportation,2361.742
2016-04-01,transportation,2276.379
2016-05-01,transportation,2373.175
2016-06-01,transportation,2379.35
2016-07-01,transportation,2455.743
2016-08-01,transportation,2480.988
2016-09-01,transportation,2323.521
2016-10-01,transportation,2343.732
2016-11-01,transportation,2276.575
2016-12-01,transportation,2363.33
2017-01-01,transportation,2232.525
2017-02-01,transportation,2054.305
2017-03-01,transportation,2392.784
2017-04-01,transportation,2279.014
2017-05-01,transportation,2441.614
2017-06-01,transportation,2419.439
2017-07-01,transportation,2449.654
2017-08-01,transportation,2510.4
2017-09-01,transportation,2317.866
2017-10-01,transportation,2419.842
2017-11-01,transportation,2301.955
2017-12-01,transportation,2376.847
2018-01-01,transportation,2253.97
2018-02-01,transportation,2049.612
2018-03-01,transportation,2410.316
2018-04-01,transportation,2315.485
2018-05-01,transportation,2462.405
2018-06-01,transportation,2431.314
2018-07-01,transportation,2501.531
2018-08-01,transportation,2545.464
